{"M001558.jpeg": 0.1972, "M001584.jpeg": 0.20725, "M001578.jpeg": 0.20775, "M000082.jpeg": 0.20899, "M001385.jpeg": 0.20984, "M001589.jpeg": 0.21091, "M000094.jpeg": 0.21185, "M000101.jpeg": 0.21221, "M001577.jpeg": 0.21323, "M001559.jpeg": 0.21324}