{"M001558.jpeg": 0.1972, "M001584.jpeg": 0.20725, "M001578.jpeg": 0.20775, "M000082.jpeg": 0.20899, "M001385.jpeg": 0.20984, "M001589.jpeg": 0.21091, "M000094.jpeg": 0.21185, "M000101.jpeg": 0.21221, "M001577.jpeg": 0.21323, "M001559.jpeg": 0.21324, "M000128.jpeg": 0.21337, "M000050.jpeg": 0.21394, "M001381.jpeg": 0.21415, "M001292.jpeg": 0.21483, "M001347.jpeg": 0.21507, "M000166.jpeg": 0.21518, "M000048.jpeg": 0.21531, "M000046.jpeg": 0.21558, "M000038.jpeg": 0.21595, "M000047.jpeg": 0.2162, "M000037.jpeg": 0.21625, "M000039.jpeg": 0.21629, "M000045.jpeg": 0.21638, "M000040.jpeg": 0.21705, "M001690.jpeg": 0.21706, "M000126.jpeg": 0.2173, "M000058.jpeg": 0.2178, "M001283.jpeg": 0.21799, "M001286.jpeg": 0.21816, "M001400.jpeg": 0.21857, "M000042.jpeg": 0.21891, "M000051.jpeg": 0.22005, "M001285.jpeg": 0.22021, "M001346.jpeg": 0.22105, "M001694.jpeg": 0.22183, "M001557.jpeg": 0.2221, "M001382.jpeg": 0.22246, "M001459.jpeg": 0.2227, "M001408.jpeg": 0.22345, "M000127.jpeg": 0.22703, "M000092.jpeg": 0.23197, "M001345.jpeg": 0.23228, "M001432.jpeg": 0.23297, "M001510.jpeg": 0.23459, "M000170.jpeg": 0.23519, "M001686.jpeg": 0.23622, "M000118.jpeg": 0.23969, "M000044.jpeg": 0.24059, "M000171.jpeg": 0.2425, "M001423.jpeg": 0.24381, "M000075.jpeg": 0.24444, "M001689.jpeg": 0.24601, "M000098.jpeg": 0.24768, "M001177.jpeg": 0.24843, "M001696.jpeg": 0.24869, "M001623.jpeg": 0.25403, "M000172.jpeg": 0.25733, "M001532.jpeg": 0.26087, "M001639.jpeg": 0.26297, "M001715.jpeg": 0.26426, "M001282.jpeg": 0.26755, "M001590.jpeg": 0.26759, "M001374.jpeg": 0.26775, "M001501.jpeg": 0.26978, "M000107.jpeg": 0.27293, "M001717.jpeg": 0.27467, "M001629.jpeg": 0.27599, "M001831.jpeg": 0.27778, "M001632.jpeg": 0.27886, "M000084.jpeg": 0.28581, "M001685.jpeg": 0.29033, "M000086.jpeg": 0.29167, "M001659.jpeg": 0.29909, "M001460.jpeg": 0.30159, "M000169.jpeg": 0.30237, "M001444.jpeg": 0.31208, "M001637.jpeg": 0.31336, "M001342.jpeg": 0.31939, "M000023.jpeg": 0.31944, "M001509.jpeg": 0.32114, "M001394.jpeg": 0.3218, "M001397.jpeg": 0.3218, "M000024.jpeg": 0.32237, "M001458.jpeg": 0.32618, "M001549.jpeg": 0.32642, "M000074.jpeg": 0.32834, "M001636.jpeg": 0.329, "M000079.jpeg": 0.3304, "M001505.jpeg": 0.33125, "M000123.jpeg": 0.3328, "M001540.jpeg": 0.33315, "M000168.jpeg": 0.33353, "M001574.jpeg": 0.33491, "M001473.jpeg": 0.33626, "M001502.jpeg": 0.33648, "M000095.jpeg": 0.33752, "M000026.jpeg": 0.33797, "M000097.jpeg": 0.33849, "M001582.jpeg": 0.33886, "M001591.jpeg": 0.33919, "M001592.jpeg": 0.33919, "M001150.jpeg": 0.33952, "M001567.jpeg": 0.34014, "M001580.jpeg": 0.34082, "M001448.jpeg": 0.34099, "M001472.jpeg": 0.34135, "M001537.jpeg": 0.34203, "M001634.jpeg": 0.34217, "M001581.jpeg": 0.34298, "M001573.jpeg": 0.34307, "M001568.jpeg": 0.34386, "M001569.jpeg": 0.34454, "M001587.jpeg": 0.3449, "M000036.jpeg": 0.34501, "M001656.jpeg": 0.34623, "M001435.jpeg": 0.34731, "M000053.jpeg": 0.34795, "M001554.jpeg": 0.34872, "M001563.jpeg": 0.34922, "M001621.jpeg": 0.34977, "M001713.jpeg": 0.35107, "M000100.jpeg": 0.35185, "M001548.jpeg": 0.35224, "M001687.jpeg": 0.35249, "M001670.jpeg": 0.35251, "M001827.jpeg": 0.35358, "M001507.jpeg": 0.35393, "M001514.jpeg": 0.35393, "M001630.jpeg": 0.35393, "M001565.jpeg": 0.35437, "M001343.jpeg": 0.35439, "M001661.jpeg": 0.35533, "M001228.jpeg": 0.3556, "M001530.jpeg": 0.35585, "M000031.jpeg": 0.3562, "M001469.jpeg": 0.3564, "M001536.jpeg": 0.35902, "M000030.jpeg": 0.35946, "M000116.jpeg": 0.35947, "M001487.jpeg": 0.35947, "M001662.jpeg": 0.35947, "M001703.jpeg": 0.35947, "M001708.jpeg": 0.35947, "M001651.jpeg": 0.35947, "M001709.jpeg": 0.35947, "M001704.jpeg": 0.35947, "M001706.jpeg": 0.35947, "M001483.jpeg": 0.35947, "M001486.jpeg": 0.35947, "M001705.jpeg": 0.35947, "M000087.jpeg": 0.35947, "M001007.jpeg": 0.35947, "M001008.jpeg": 0.35947, "M001009.jpeg": 0.35947, "M001010.jpeg": 0.35947, "M001048.jpeg": 0.35947, "M001056.jpeg": 0.35947, "M001057.jpeg": 0.35947, "M001060.jpeg": 0.35947, "M001148.jpeg": 0.35947, "M001195.jpeg": 0.35947, "M001196.jpeg": 0.35947, "M001197.jpeg": 0.35947, "M001200.jpeg": 0.35947, "M001204.jpeg": 0.35947, "M001205.jpeg": 0.35947, "M001206.jpeg": 0.35947, "M001207.jpeg": 0.35947, "M001208.jpeg": 0.35947, "M001209.jpeg": 0.35947, "M001210.jpeg": 0.35947, "M001211.jpeg": 0.35947, "M001212.jpeg": 0.35947, "M001213.jpeg": 0.35947, "M001214.jpeg": 0.35947, "M001215.jpeg": 0.35947, "M001216.jpeg": 0.35947, "M001217.jpeg": 0.35947, "M001218.jpeg": 0.35947, "M001219.jpeg": 0.35947, "M001220.jpeg": 0.35947, "M001221.jpeg": 0.35947, "M001222.jpeg": 0.35947, "M001223.jpeg": 0.35947, "M001224.jpeg": 0.35947, "M001225.jpeg": 0.35947, "M001226.jpeg": 0.35947, "M001227.jpeg": 0.35947, "M001264.jpeg": 0.35947, "M001281.jpeg": 0.35947, "M001284.jpeg": 0.35947, "M001291.jpeg": 0.35947, "M001372.jpeg": 0.35947, "M001376.jpeg": 0.35947, "M001378.jpeg": 0.35947, "M001383.jpeg": 0.35947, "M001384.jpeg": 0.35947, "M001404.jpeg": 0.35947, "M001405.jpeg": 0.35947, "M001421.jpeg": 0.35947, "M001425.jpeg": 0.35947, "M001471.jpeg": 0.35947, "M001489.jpeg": 0.35947, "M001495.jpeg": 0.35947, "M001499.jpeg": 0.35947, "M001504.jpeg": 0.35947, "M001506.jpeg": 0.35947, "M001508.jpeg": 0.35947, "M001518.jpeg": 0.35947, "M001519.jpeg": 0.35947, "M001520.jpeg": 0.35947, "M001522.jpeg": 0.35947, "M001529.jpeg": 0.35947, "M001531.jpeg": 0.35947, "M001533.jpeg": 0.35947, "M001535.jpeg": 0.35947, "M001600.jpeg": 0.35947, "M001601.jpeg": 0.35947, "M001602.jpeg": 0.35947, "M001603.jpeg": 0.35947, "M001604.jpeg": 0.35947, "M001605.jpeg": 0.35947, "M001625.jpeg": 0.35947, "M001664.jpeg": 0.35947, "M001683.jpeg": 0.35947, "M001684.jpeg": 0.35947, "M001707.jpeg": 0.35947, "M001710.jpeg": 0.35947, "M001711.jpeg": 0.35947, "M001832.jpeg": 0.35947, "M001834.jpeg": 0.35947, "M001835.jpeg": 0.35947, "M001836.jpeg": 0.35947, "M001837.jpeg": 0.35947, "M001843.jpeg": 0.35947, "M001844.jpeg": 0.35947, "M001845.jpeg": 0.35947, "M001846.jpeg": 0.35947, "M001436.jpeg": 0.36074, "M001393.jpeg": 0.36078, "M001493.jpeg": 0.36108, "M001455.jpeg": 0.3617, "M001826.jpeg": 0.36223, "M000072.jpeg": 0.36263, "M001652.jpeg": 0.36381, "M001521.jpeg": 0.3649, "M001700.jpeg": 0.36521, "M000177.jpeg": 0.36568, "M000054.jpeg": 0.36682, "M000111.jpeg": 0.36755, "M000025.jpeg": 0.36783, "M001307.jpeg": 0.36846, "M001350.jpeg": 0.36933, "M000164.jpeg": 0.36986, "M000029.jpeg": 0.37031, "M000112.jpeg": 0.37127, "M001714.jpeg": 0.37144, "M001691.jpeg": 0.37221, "M001635.jpeg": 0.37276, "M001079.jpeg": 0.37372, "M001341.jpeg": 0.37625, "M001688.jpeg": 0.37643, "M001551.jpeg": 0.37644, "M001586.jpeg": 0.37647, "M000081.jpeg": 0.37685, "M000006.jpeg": 0.37702, "M001168.jpeg": 0.3771, "M001697.jpeg": 0.37711, "M001716.jpeg": 0.37756, "M000004.jpeg": 0.37759, "M001631.jpeg": 0.3777, "M001571.jpeg": 0.37781, "M001585.jpeg": 0.37786, "M001719.jpeg": 0.37791, "M000070.jpeg": 0.37797, "M001494.jpeg": 0.37838, "M001004.jpeg": 0.37845, "M000002.jpeg": 0.37859, "M000003.jpeg": 0.37861, "M001377.jpeg": 0.37861, "M001556.jpeg": 0.37866, "M001288.jpeg": 0.37893, "M001348.jpeg": 0.37893, "M001392.jpeg": 0.37921, "M001572.jpeg": 0.37927, "M001517.jpeg": 0.37979, "M001462.jpeg": 0.37994, "M000001.jpeg": 0.38003, "M000057.jpeg": 0.38004, "M001550.jpeg": 0.38009, "M000090.jpeg": 0.38013, "M000005.jpeg": 0.38013, "M000011.jpeg": 0.38102, "M001654.jpeg": 0.38102, "M001564.jpeg": 0.38309, "M001824.jpeg": 0.3839, "M001270.jpeg": 0.38404, "M001712.jpeg": 0.38498, "M001403.jpeg": 0.38538, "M001667.jpeg": 0.38982, "M000067.jpeg": 0.39182, "M001271.jpeg": 0.39716, "M000103.jpeg": 0.40247, "M001180.jpeg": 0.40496, "M001579.jpeg": 0.40557, "M000012.jpeg": 0.41091, "M001379.jpeg": 0.41187, "M001653.jpeg": 0.41215, "M001693.jpeg": 0.41272, "M001138.jpeg": 0.41355, "M001325.jpeg": 0.41464, "M001655.jpeg": 0.41544, "M001657.jpeg": 0.41566, "M000017.jpeg": 0.41574, "M001692.jpeg": 0.41786, "M000173.jpeg": 0.42321, "M000175.jpeg": 0.42397, "M000077.jpeg": 0.42399, "M000174.jpeg": 0.42409, "M000096.jpeg": 0.42486,