{"M001507.jpeg": 0.20826, "M001514.jpeg": 0.20826, "M001560.jpeg": 0.34771, "M001559.jpeg": 0.35166, "M001690.jpeg": 0.35178, "M000082.jpeg": 0.35225, "M001577.jpeg": 0.3523, "M000128.jpeg": 0.35233, "M001578.jpeg": 0.3532, "M000166.jpeg": 0.35338}